<?xml version="1.0" encoding="UTF-8"?>
<metadata xml:lang="zh"><Esri><CreaDate>20160619</CreaDate><CreaTime>16415600</CreaTime><ArcGISFormat>1.0</ArcGISFormat><SyncOnce>TRUE</SyncOnce><DataProperties><itemProps><itemLocation><linkage Sync="TRUE">file://\\DELL\Users\Win8\Desktop\2016项目\大连地图路径导航系统（800）\大连地图\ArcGIS\高速_polylineCopy</linkage><protocol Sync="TRUE">Local Area Network</protocol></itemLocation></itemProps><copyHistory><copy source="C:\Users\Win8\Desktop\2016项目\大连地图路径导航系统（800）\大连地图\ArcGIS\高速_polyline" dest="\\DELL\Users\Win8\Desktop\2016项目\大连地图路径导航系统（800）\大连地图\ArcGIS\高速_polylineCopy" date="20160619" time="16415600"></copy></copyHistory></DataProperties></Esri></metadata>
